{"data":[
    {
        "content": "\u5185\u5fc3\u4e0d\u6e34\u671b\u7684\u4e1c\u897f\uff0c\u4e0d\u53ef\u80fd\u9760\u8fd1\u81ea\u5df1\u3002",
        "book": "\u65e0\u540d",
        "time": "2020/4/27",
        "feeling": "\u8bf4\u5f97\u5bf9"
    },
    {
        "content": "\u7b49\u4f60\u53d1\u73b0\u65f6\u95f4\u662f\u8d3c\u4e86\uff0c\u5b83\u65e9\u5df2\u5077\u5149\u4e86\u4f60\u7684\u9009\u62e9\u3002",
        "book": "\u6ef4\u7b54\u6e05\u5355",
        "time": "2020/4/26",
        "feeling": "\u771f\u53ef\u60b2"
    },
    {
        "content": "\u4e0d\u8981\u56e0\u4e3a\u5f53\u521d\u8d70\u7684\u592a\u8fdc\u5fd8\u8bb0\u4e3a\u4f55\u51fa\u53d1\u3002",
        "book": "\u6ef4\u7b54",
        "time": "2020/4/26",
        "feeling": "\u597d\u7684"
    }
]}